home-01.jpg	233839	https://sites.google.com/sitesv-images-rt/ACHe0d0bU-x4D0yJWdHPTF-QLVH8vno-ZsZn6pRs13Z9HKnny3Q1Z75MFURfi6TktY2FAjKXs0d5Wr2PuwYZiVhgdX1xy2jb9m3iFx2A0wqrWSZRLgunzrcL9Q1jKUwDfHOxVCa0-msvRHv5iW6i2508VBjYXeBnZwRvkqeOWMCFRKRO79ClDz1_jCF97k2UhWaEM6VqulviMdE5JvMEXLdlop6H8pYIyz0yeecY5M2f490=w1280
attractions-01.jpg	66411	https://sites.google.com/sitesv-images-rt/ACHe0d0-gx98j568pwSjS02qBE7qL2ZtKG04tsGx68YhiPO3_Ecz-ksOxak0pzipdKYWge6oYsd-s3NrFYfPTCXvJIDEY8aJ5f6uB_fnYLfrqwh7ccwzdMdhqi8QtwCoIrcIDiSJBHwYqz9WFj10WuOg4oG6BcBI-jgq6gfVD8PtOasE0yj28VaJWFt380vE8lvONTRUytHbNsJJvHvsQJkPfbUUu9TerDIPZ2u8ykA-mTU=w1280
attractions-02.jpg	138389	https://sites.google.com/sitesv-images-rt/ACHe0d2JJQ1XmQnlqZkQGXToCwM4i1jrEAby-rnwymp3mCWqR7jGu89yHiCbGbxvsloFx48YPMMffn_SGUhssu3aP4utN5Kb7DuD6stovesOweQxvfYFaPKVIWXkygq1jlleN5dl6Ur3GdcFmR9W79Z62p1klMakLwpxoTgLEU7J48df86jIfCEPmMnLSi0AM2lotHVkZdZeEd46Gj-BA59476sO4RGr_b8IQdVwZp50=w1280
attractions-03.jpg	297666	https://sites.google.com/sitesv-images-rt/ACHe0d0A2pE59O1QmCU2YyVceUDeNXXVHuDerwJfAftvGnyMBx7UnhyqbZmg4UhIKfCqcE3QdJ38SjReUJlAmSaa90AJSyoDr6fl8amdEAw98TTQL7CJ8hHuON4BNFJucZQyKAsNglwNvAO-0VOfvkjUQVmISN843I2rXHxGHd3-pVjP-p8BdNHjfK0uxg2GO3ARpFvrtX_7dcOhR69wDsdDkJz_5Vf7kvFiu-jR2kp6W3Y=w1280
attractions-04.jpg	288922	https://sites.google.com/sitesv-images-rt/ACHe0d3AyHfU3VjJlalUzgg4IrhDl3jbURO6uHZtul7_LP2ZFze7Yca78enHjUOKluS6-U5t3ot9cMkKduTnRJSPxamt717n13rApX3UhcxpIq-1iP9or2TxHVlTO0JYffoxfIhIVT0LjTeUFssyJyhOwao157TjwKmu-p4NqBjTivs1S4pMahlAb960dD4salHx-EdNOLY5Bz0dVGkL2xqK167eY_zNJ5uwNZ8mwUuA3ug=w1280
attractions-05.jpg	19187	https://sites.google.com/sitesv-images-rt/ACHe0d0gxSiEslWHe0Uky4ee0z0DcaLkw6kvX4rgc88x-acvfTRwsmqi5wm_MVoBqyzEf4gdiuMrWTnFo4r1FmHg8K19zidvpO30mvOBqPnEvtdWfl9o6YmRiMzj4338jBoKcYMduPWI5g4gb6YGApvtqnYZnCom-Le8LLgrOHlKCoOzdstcgiZ6FbK2-UP7EqHXgTvsiU1M0_0Ai6oCX0SvlLSUqD0nho5ELwzDNJ-HmV4=w1280
attractions-06.jpg	18079	https://sites.google.com/sitesv-images-rt/ACHe0d2T3vlUGUH4scxLtQNY2YR_cSuL58b-ywg0pUJaiHHVJcvCrtyAmnAerG8WAb01eUjSbGm7kA7JNybnclQkAQwwrpPcD_gELpASiGKb1pISp3pLu4PtQ6qZy5d6_NIyRZmXTqNcy-YNQBNPummsUWTshRccCghM9mEoIHCWdsDCSuC9PRciH1UyD8dxjtc7XCG7IT8PseNvsKxsTgxeWGm9ZIUGfexzUKTJJ_HfbvQ=w1280
attractions-07.jpg	160094	https://sites.google.com/sitesv-images-rt/ACHe0d3g4lzZ9bdNvCWs7rwcfIGnY9MIRM7Oj-k7jDFSld-Gmu8SzIeNH8_tgqJpGML30sElsR3r1bNPPLWC_Pbg1SSYx4yVzTbz6p_gLSJeXDq7Uhh9brgtGSi8nMQmWWaAeZ4sSNHYTw_z7bKFRuvyxanQ2-3CmfFj5ih3aP0Ujb8_9FB3POEHNDOj-dSixbpIKkV120I_pAcp3Sx0nI3mtt6cAk7EFiKj92zB_7bZhzc=w1280
attractions-08.jpg	3183101	https://sites.google.com/sitesv-images-rt/ACHe0d3hi5BzRNu2m_Tlp4O4t2ZfooiIxQreAS9MwbjLsB_Amx_mE6dqDE7ZeK6FEpLO8MMF9XAUTRuaZGJrSqzLE_H66zyFsvdk2ArcpaQYeGIIrGfbrvhDJd_C8t4JXU4r-IgcJGhTmNQYmI6CQSuXT8L-1duRnURXZ5jjbzEUP5qAwW3PVukBSghvo3YhiWlm44RkUZPQN9gUtKw86YB1e-dxGnjeGhP70KUeS6X0=w1280
attractions-09.jpg	747860	https://sites.google.com/sitesv-images-rt/ACHe0d1ved74SA6Vn9F008k6PhftBBMDF9ad8PeyTnK6taJklCvwlPjBKm3vVbhw_YFrNnI8WxEziWSYx_Arqgj-AMMSAZz6IZZGWEJScRusJlNGoSe_J0uTmMxNXoZxGbwvODssFpd2XYKApnpE9pa5en_qOrfH45_kyQL9LTo-4uILyYDZrbgtqEJh-fFHh3Y=w1280
attractions-10.jpg	387232	https://sites.google.com/sitesv-images-rt/ACHe0d1WZsyLAo8JWPHH35r8N61E1d0jAQmlJqDY2CrxAZyVlVb8fj99vNw-cXgQyJoY7O3CcA2r6BG9x6uLNqgPyhRALK9c5H7MwsTQSA1M8c00uKbJ2etTs7xwwPBnEPAi0VVytR9KuAoNjpWkYa52m_G6MialTIjZQHDMKJ3xq7h35GVOTPvxRHADcHSzat60iELSkcdYAceoiRdj2cHqaThadqWIotbu8PBXCHscGZg=w1280
attractions-11.jpg	644360	https://sites.google.com/sitesv-images-rt/ACHe0d3_TKFwp6e-xqEWkWT1Tn4SOil-bTvoXpZa1wLcvFQ-HTVtz5tCbSQO26SrbjvN6QNzJlpCG0P282gyySLA5ypBArYyPXU5dexJ77Xzm-AfYHg8zbGDRfTW71xTYGm2K2l9npQvNMwtCRqJJ82Vtt9DVDkhUcahcqQ_8C741su8h8ov_2npPz6nzRjn8fM=w1280
funfacts-01.jpg	343127	https://sites.google.com/sitesv-images-rt/ACHe0d1cJzDkpk74hnANp2wNAAA9ilMZj7Sk6u7GY6hprbsa-wALKC4Fxy4uWHzZY3Cpf6NC6WTiXfxyGTATVrEG7yvhFGdmghGoNLXppgGpEQ70Il3mI95_q8AIntkZpBeXr8klYVGkxiy_i6uLmSFXkCrriMy8d44o-9mtoMcrWmp0rXUEJ30tbpgi-wOUVjf-1HqPEwzbOCoUspBAsrGWIspRcU1NoOhiksF-pQ-AtF4=w1280
funfacts-02.jpg	964458	https://sites.google.com/sitesv-images-rt/ACHe0d1TLeILaOnzZZQc85Npl99spoaghQRJuNwA3kCK353Nkypw5PkynNGnddGmFH6lbct1ZYlopX93daY6K2x3VEOgbprPwd2iRz8E0ePZ_QSaakyVW8xzKjOI85qx066e_keX5J0PHxdO5noPeR-fOpD_qMQo1uFJfDvL5lhqe5qCjjug2SlCWHhlh7yKVaWZuj1Zv-y4USJouWLAA3Ii3bmSSA8nVIcQKMtpTNZi0WU=w1280
funfacts-03.jpg	76149	https://sites.google.com/sitesv-images-rt/ACHe0d36iZtAnbs_yfCpZ-_5h5U3WpcIyKBrNZv2gFHkBm8g6V0moNxA3h-l2cfwkdLoEk1kc1unHLRkLhBFeK5vKxMd9dgUQbyVSEnh1EyS36SIVlcLFS2EFJncjmR01ITnQFBTJlX-QjBcBYIR0W1pvX-PtFZ9ctXRcaBWV3Acxn0_nkHrsCC8x8mIdx0d-BVj_9u0XomHLDqsdAWBK5ZpGYQLoGhlEYVkYY85eI2-5vg=w1280
funfacts-04.jpg	87373	https://sites.google.com/sitesv-images-rt/ACHe0d12wLVsqwj0Uklh_BmFySbuKp8ojyTIjF1WMEMV8VJg_FUXRkyV74gmkWIqxamXDHMPnjerLEcuCHlmC_z0tXmpkfChxvUEGzb3NTAnGdhSUn6oRYY-6N0zMctz26iyMhoEd7NwnoZfB_LUTQ7v1O-1EwSkfd7WQ3oJ62p3deVB2UTYATOX619ob1Hfyu0HoHZN-AlS0q3ppJ5iDRpD-xgkZrLRsjv6TjVsYJF3=w1280
funfacts-05.jpg	126967	https://sites.google.com/sitesv-images-rt/ACHe0d10Xbmt6gi7SXwBhs3KulCJclvQu0Rb6mFoW9R7G5NAqTQRuSS7fy5SvLmmudJUulNmmtd3OQN0y9u71qVpHgxCt_BxkWBcNRnT_HsZlpvEalL9N8ywv4b2nm3EtMAxop-G0SXx9J4EVSFhejkl74ehK7hXhBWlA0UUKrbmaWski_MKirb-V3PCzBy9Wh-H0K9fR9_vnnwEkLV0RH1BIluwOynGO5x617kNU8U6Dlc=w1280
funfacts-06.jpg	104771	https://sites.google.com/sitesv-images-rt/ACHe0d1n5sc51wdYhbp4LbIbEX691I6WTdCYu5BB9rXWsijdCYUa1vMqkiNKqwOrk4l4Z-j8KPFeMBWUNfDfgMm9Zz344jSmfDEhQotg7h1JjMSLH8nRspr9O1lhIXjGQ0tuTaiHqx73I89MeQwQQHYfbzpqkgnwv3FwzSzKJzDpv-B6ax_5GKRHPKLDxyhuTKoQvaxKXR8RiEl7fEhjo7JsEh6sl0Yje0OdkwWT8HeL0XI=w1280
funfacts-07.jpg	100832	https://sites.google.com/sitesv-images-rt/ACHe0d0PjsoCVOXG5NIEn6GGuvHy1FwsrGWvIC6beHNaS5PEs4KXKM4P3h4dsvCQxroxZ4sMXb91KmbdJqjoFO8-lYHPTeqDfF0y3YM2laA0_6mLtfYL50fQMjGzaSGThYeaKfTg2xvJ_Z5IQt0e5B84oe3RdlqISov6mEUdRHZZ6V1b4uNfYsE_BR4LNv230RvYhH4djBWuA-X8-GjlI7RdEK0xvgguPrcuwyRbD-XO_Sg=w1280
funfacts-08.jpg	102084	https://sites.google.com/sitesv-images-rt/ACHe0d1ea0WQ9PQdBagyGblHGSr-WXvzjYPZ0tXgvjnxqHj3-s6sxk-8ZPKG_tioRn3G6mLTesW1YSvIe8wG7Z-6KkWlFm3cXXRUCsV1cpOfK50ifuOnTAcGPuOaTJToGUKBJIpmxcdQqrTPqPAoJeUtVB31-3Je6osdoGSzPiTX-T9_zVU0CUDbzIxlM_NvxA5f8i1NSDpYCZ4-67nNck7RVpHIlc3TMCw925CSUAOV=w1280
funfacts-09.jpg	123689	https://sites.google.com/sitesv-images-rt/ACHe0d2RhvwtdcWyKAQK6uphN3f3PhP9XUy7fUKDJMRZE4FxHSom25U70a8jWyGr8EVgJ3N-ZbY7ZvR5FYn_xoXlIx-SN2SkPwDxwdapsmHS-ZBruNjkRdo12kglPXGJjTpxJQSV6na7Wgn4fNahNtmzFU6ebmGRz5EakZR7DK42ahhX1vCfVHQlm9Vf2sFoUUglWXRkTsGKA9fJZnJcuShZd0se7fWQApflUJqK5k--=w1280
funfacts-10.jpg	152842	https://sites.google.com/sitesv-images-rt/ACHe0d1UpHYgJA9Dx-YAH28kkLdR0033F48lc5tz6XwCM_FgGQ8OsLQwxl_zTImZAkmSsQ7QSPWa5FR_2kBqPhp2jZ4zcQd8hWH1ZZTD9uSjXTxs4Zcl5LTM49FsP2bvqP7KrxXXggqa7DnBN7lfbJcVWD9ZVeEU7L6V4Wmw2IPh0ofZmbgeu0qVNTdTiMKXVpy04VqUMmElcSMBSLuYNW-ORWsSqMFz4bZmOt6PaKoemyk=w1280
